{
  "properties": [
    {
      "name": "management.endpoints.web.exposure.include",
      "type": "java.lang.String",
      "description": "A description for 'management.endpoints.web.exposure.include'"
    },
    {
      "name": "management.health.db.enabled",
      "type": "java.lang.String",
      "description": "A description for 'management.health.db.enabled'"
    },
    {
      "name": "management.endpoint.health.show-details",
      "type": "java.lang.String",
      "description": "A description for 'management.endpoint.health.show-details'"
    }
  ]
}
